Benefit keywords,Anastasia keywords,Smashbox keywords,Tarte keywords,MUFE keywords,MAC keywords,Bobbi keywords
brow zings,#anastasiabrows  using taupe and soft brown on my brows with clear brow gel,brow tech pencil,amazonian clay brow mousse,aqua brow,maccosmetics brow set,bobbibrown long wear brow pencil
"""kabrow""",#anastasiabrows brow powder,brows: #smashboxcosmetics,amazonian clay volumizing brow powder,browseal,#mac fluid line gel in dipdown through the brows,brows: @bobbibrown
brow zing,#anastasiabrows brow powder duo,,amazonian clay waterproof brow mousse,pro sculpting brow palette,#macbrows,
browzings,@anastasiabeverlyhills browdefiner,,tartecosmetics brow mousse,proÉ??ã?èsculpting brow palette,,
gimme brow,@anastasiabeverlyhills brows powders,,@tartecosmetics amazonian clay waterproof brow pencil,brows : #makeupforever,,
goof broof,@anastasiabeverlyhills perfect brow pencil,,brows #tartecosmetics, #MAKEUPFOREVER #browseal,,
goof proof,@anastasiabeverlyhills soft brown powder duo,,,,,
ka brow,anastasia brow definer,,,sculpting brow palette,,
ka brows,anastasiabeverlyhills  brow powder,,,,,
ka-brow,anastasiabeverlyhills  brow powders,,,,,
precisely,"anastasiabeverlyhills ""clear brow gel""",,,,,
ready set brow,anastasiabeverlyhills #brow definer,,,,,
"ready, set, brow!",anastasiabeverlyhills #browpomade,,,,,
kabrow,anastasiabeverlyhills É?? brow powder,,,,,
#browzing,anastasiabeverlyhills brow definer,,,,,
brows is using @benefitcanada,anastasiabeverlyhills brow pomade,,,,,
benefit brow conditioning primer,anastasiabeverlyhills brow powder,,,,,
,anastasiabeverlyhills brow powders,,,,,
benefit brow,anastasiabeverlyhills brows pro palette,,,,,
#benefitbrow,anastasiabeverlyhills ebony brow powder,,,,,
#benefitbrows,anastasiabeverlyhills granite brow pencil,,,,,
benefitcosmetics brows,anastasiabeverlyhills pomade,,,,,
browbar,anastasiabeverlyhills powder duo,,,,,
brows: @benefit_ire,anastasiabeverlyhills taupe brow powder,,,,,
brows: @benefitcosmetics,anastasiabeverlyhills using probrowpalette,,,,,
#benebrows,brow whiz,,,,,
,brow wiz,,,,,
,browiz,,,,,
,brows wiz,,,,,
,browwiz,,,,,
Precisely My Brow pencil,dip brow,,,,,
" ""Soft and Natural"" brow kit",dipbrow,,,,,
,anastasia beverly hills tinted brow gel,,,,,
,@anastasiabeverlyhills dark brown brow powder,,,,,
,@anastasiabeverlyhills duo brow powder,,,,,
,brow powder by #anastasiabeverlyhills,,,,,
,"brows @anastasiabeverlyhills "" soft brown powders",,,,,
,@anastasiabeverlyhills brows in granite,,,,,
,@anastasiabeverlyhills brow defined,,,,,
,@anastasiabeverlyhills clear brow gel,,,,,
,#abhbrows,,,,,
,anastasia brow,,,,,
,anastasiabeverlyhills brow,,,,,
,#anastasiabrow,,,,,
,#anastasiabrows,,,,,
,brows: @anastasiabeverlyhills,,,,,
,cejas: @anastasiabeverlyhills,,,,,
,@anastasiabeverlyhills duo brow powder,,,,,
,@anastasiabeverlyhills ebony brow powder,,,,,
,anastasiabeverlyhills ebony brow powder,,,,,
,anastasiabeverlyhills Ebony brow powder duo,,,,,
,anastasiabeverlyhills duo brow powder,,,,,
